frame_index,bytes,off_18,off_60,off_72,off_58,off_44,off_30
0,44,0,,,,,2560
1,44,19279,,,,,12336
2,44,19279,,,,,12336
3,92,31744,-18944,2048,1536,1024,512
4,92,31744,-18944,2048,1536,1024,512
5,92,-26112,-6912,4608,4096,3584,3072
6,92,-26112,-6912,4608,4096,3584,3072
7,92,-19968,-4864,7168,6656,6144,5632
8,92,-19968,-4864,7168,6656,6144,5632
9,92,-2816,-10496,9728,9216,8704,8192
10,92,-2816,-10496,9728,9216,8704,8192
11,92,-10752,32256,12288,11776,11264,10752
12,92,-10752,32256,12288,11776,11264,10752
13,92,-24320,-28672,14848,14336,13824,13312
14,92,-24320,-28672,14848,14336,13824,13312
15,92,-2304,6400,17408,16896,16384,15872
16,92,-2304,6400,17408,16896,16384,15872
17,92,-8960,-15616,19968,19456,18944,18432
18,92,-8960,-15616,19968,19456,18944,18432
19,92,-23040,12032,22528,22016,21504,20992
20,92,-23040,12032,22528,22016,21504,20992
21,92,-8448,4608,25088,24576,24064,23552
22,92,-8448,4608,25088,24576,24064,23552
23,92,-7680,10496,27648,27136,26624,26112
24,92,-7680,10496,27648,27136,26624,26112
25,92,-25088,-1280,30208,29696,29184,28672
26,92,-25088,-1280,30208,29696,29184,28672
27,92,31744,-1792,-32768,32256,31744,31232
28,92,31744,-1792,-32768,32256,31744,31232
29,92,-28416,-16896,-30208,-30720,-31232,-31744
30,92,-28416,-16896,-30208,-30720,-31232,-31744
31,92,7936,-2560,-27648,-28160,-28672,-29184
32,92,7936,-2560,-27648,-28160,-28672,-29184
33,92,-22528,-31232,-25088,-25600,-26112,-26624
34,92,-22528,-31232,-25088,-25600,-26112,-26624
35,92,25856,-16384,-22528,-23040,-23552,-24064
36,92,25856,-16384,-22528,-23040,-23552,-24064
37,92,-28416,-29440,-19968,-20480,-20992,-21504
38,92,-28416,-29440,-19968,-20480,-20992,-21504
39,92,31744,-29952,-17408,-17920,-18432,-18944
40,92,31744,-29952,-17408,-17920,-18432,-18944
41,92,12288,25088,-14848,-15360,-15872,-16384
42,92,12288,25088,-14848,-15360,-15872,-16384
43,92,-2816,16384,-12288,-12800,-13312,-13824
44,92,-2816,16384,-12288,-12800,-13312,-13824
45,92,10240,-512,-9728,-10240,-10752,-11264
46,92,10240,-512,-9728,-10240,-10752,-11264
47,92,11264,3072,-7168,-7680,-8192,-8704
48,92,11264,3072,-7168,-7680,-8192,-8704
49,92,16896,-18432,-4608,-5120,-5632,-6144
50,92,16896,-18432,-4608,-5120,-5632,-6144
51,92,-3072,22528,-2048,-2560,-3072,-3584
52,92,-3072,22528,-2048,-2560,-3072,-3584
53,92,16384,-5375,512,0,-512,-1024
54,92,16384,-5375,512,0,-512,-1024
55,92,-18431,8961,3072,2560,2048,1536
56,92,-18431,8961,3072,2560,2048,1536
57,92,8193,-7935,5632,5120,4608,4096
58,92,8193,-7935,5632,5120,4608,4096
59,92,-3327,-31487,8192,7680,7168,6656
60,92,-3327,-31487,8192,7680,7168,6656
61,92,-14847,17153,10752,10240,9728,9216
62,92,-14847,17153,10752,10240,9728,9216
63,92,15105,257,13312,12800,12288,11776
64,92,15105,257,13312,12800,12288,11776
65,92,3329,15617,15872,15360,14848,14336
66,92,3329,15617,15872,15360,14848,14336
67,92,10753,-28927,18432,17920,17408,16896
68,92,10753,-28927,18432,17920,17408,16896
69,92,-24063,30465,20992,20480,19968,19456
70,92,-24063,30465,20992,20480,19968,19456
71,92,-10751,18689,23552,23040,22528,22016
72,92,-10751,18689,23552,23040,22528,22016
73,92,5121,17153,26112,25600,25088,24576
74,92,5121,17153,26112,25600,25088,24576
75,92,3841,-6911,28672,28160,27648,27136
76,92,3841,-6911,28672,28160,27648,27136
77,92,3841,22273,31232,30720,30208,29696
78,92,3841,22273,31232,30720,30208,29696
79,92,-15615,-28927,-31744,-32256,-32768,32256
80,92,-15615,-28927,-31744,-32256,-32768,32256
81,92,-23807,-16127,-29184,-29696,-30208,-30720
82,92,-23807,-16127,-29184,-29696,-30208,-30720
83,92,29697,2561,-26624,-27136,-27648,-28160
84,92,29697,2561,-26624,-27136,-27648,-28160
85,92,-13311,24321,-24064,-24576,-25088,-25600
86,92,-13311,24321,-24064,-24576,-25088,-25600
87,92,-4351,6401,-21504,-22016,-22528,-23040
88,92,-4351,6401,-21504,-22016,-22528,-23040
89,92,4609,-4351,-18944,-19456,-19968,-20480
90,92,4609,-4351,-18944,-19456,-19968,-20480
91,92,-8703,-11007,-16384,-16896,-17408,-17920
92,92,-8703,-11007,-16384,-16896,-17408,-17920
93,92,-3071,21505,-13824,-14336,-14848,-15360
94,92,-3071,21505,-13824,-14336,-14848,-15360
95,92,-27903,17921,-11264,-11776,-12288,-12800
96,92,-27903,17921,-11264,-11776,-12288,-12800
97,92,5889,15617,-8704,-9216,-9728,-10240
98,92,5889,15617,-8704,-9216,-9728,-10240
99,92,19201,20481,-6144,-6656,-7168,-7680
100,92,19201,20481,-6144,-6656,-7168,-7680
101,92,23297,25857,-3584,-4096,-4608,-5120
102,92,23297,25857,-3584,-4096,-4608,-5120
103,92,-19967,19713,-1024,-1536,-2048,-2560
104,92,-19967,19713,-1024,-1536,-2048,-2560
105,92,-25599,-13566,1536,1024,512,0
106,92,-25599,-13566,1536,1024,512,0
107,92,514,-27646,4096,3584,3072,2560
108,92,514,-27646,4096,3584,3072,2560
109,92,26882,-6910,6656,6144,5632,5120
110,92,26882,-6910,6656,6144,5632,5120
111,92,22786,-766,9216,8704,8192,7680
112,92,22786,-766,9216,8704,8192,7680
113,92,-766,26114,11776,11264,10752,10240
114,92,-766,26114,11776,11264,10752,10240
115,92,31746,-31998,14336,13824,13312,12800
116,92,31746,-31998,14336,13824,13312,12800
117,92,30722,-5118,16896,16384,15872,15360
118,92,30722,-5118,16896,16384,15872,15360
119,92,-1790,-23550,19456,18944,18432,17920
120,92,-1790,-23550,19456,18944,18432,17920
121,92,-15614,29442,22016,21504,20992,20480
122,92,-15614,29442,22016,21504,20992,20480
123,92,22530,-2046,24576,24064,23552,23040
124,92,22530,-2046,24576,24064,23552,23040
125,92,-7934,27138,27136,26624,26112,25600
126,92,-7934,27138,27136,26624,26112,25600
127,92,18690,-5630,29696,29184,28672,28160
128,92,18690,-5630,29696,29184,28672,28160
129,92,28930,19970,32256,31744,31232,30720
130,92,28930,19970,32256,31744,31232,30720
131,92,31746,-22782,-30720,-31232,-31744,-32256
132,92,31746,-22782,-30720,-31232,-31744,-32256
133,92,25090,16642,-28160,-28672,-29184,-29696
134,92,25090,16642,-28160,-28672,-29184,-29696
135,92,19202,28930,-25600,-26112,-26624,-27136
136,92,19202,28930,-25600,-26112,-26624,-27136
137,92,-2046,9986,-23040,-23552,-24064,-24576
138,92,-2046,9986,-23040,-23552,-24064,-24576
139,92,11778,-29438,-20480,-20992,-21504,-22016
140,92,11778,-29438,-20480,-20992,-21504,-22016
141,92,-27902,21506,-17920,-18432,-18944,-19456
142,92,-27902,21506,-17920,-18432,-18944,-19456
143,92,-29182,258,-15360,-15872,-16384,-16896
144,92,-29182,258,-15360,-15872,-16384,-16896
145,92,1026,-15870,-12800,-13312,-13824,-14336
146,92,1026,-15870,-12800,-13312,-13824,-14336
147,92,3586,27138,-10240,-10752,-11264,-11776
148,92,3586,27138,-10240,-10752,-11264,-11776
149,92,-21246,-6398,-7680,-8192,-8704,-9216
150,92,-21246,-6398,-7680,-8192,-8704,-9216
151,92,-25086,-19454,-5120,-5632,-6144,-6656
152,92,-25086,-19454,-5120,-5632,-6144,-6656
153,92,-9470,-16638,-2560,-3072,-3584,-4096
154,92,-9470,-16638,-2560,-3072,-3584,-4096
155,92,-12542,3586,0,-512,-1024,-1536
156,92,-12542,3586,0,-512,-1024,-1536
157,92,-6909,17155,2560,2048,1536,1024
158,92,-6909,17155,2560,2048,1536,1024
159,92,9219,-8957,5120,4608,4096,3584
160,92,9219,-8957,5120,4608,4096,3584
161,92,-15101,28931,7680,7168,6656,6144
162,92,-15101,28931,7680,7168,6656,6144
163,92,17411,-31485,10240,9728,9216,8704
164,92,17411,-31485,10240,9728,9216,8704
165,92,-29437,-17661,12800,12288,11776,11264
166,92,-29437,-17661,12800,12288,11776,11264
167,92,31491,-1277,15360,14848,14336,13824
168,92,31491,-1277,15360,14848,14336,13824
169,92,515,-30717,17920,17408,16896,16384
170,92,515,-30717,17920,17408,16896,16384
171,92,-19197,-2045,20480,19968,19456,18944
172,92,-19197,-2045,20480,19968,19456,18944
173,92,-5373,-5117,23040,22528,22016,21504
174,92,-5373,-5117,23040,22528,22016,21504
175,92,-32765,-17917,25600,25088,24576,24064
176,92,-32765,-17917,25600,25088,24576,24064
177,92,9475,-7421,28160,27648,27136,26624
178,92,9475,-7421,28160,27648,27136,26624
179,92,-12285,-14077,30720,30208,29696,29184
180,92,-12285,-14077,30720,30208,29696,29184
181,92,-3837,23555,-32256,-32768,32256,31744
182,92,-3837,23555,-32256,-32768,32256,31744
183,92,-30973,-29181,-29696,-30208,-30720,-31232
184,92,-30973,-29181,-29696,-30208,-30720,-31232
185,92,13059,5123,-27136,-27648,-28160,-28672
186,92,13059,5123,-27136,-27648,-28160,-28672
187,92,-17149,-9981,-24576,-25088,-25600,-26112
188,92,-17149,-9981,-24576,-25088,-25600,-26112
189,92,9987,-24829,-22016,-22528,-23040,-23552
190,92,9987,-24829,-22016,-22528,-23040,-23552
191,92,-24317,-27645,-19456,-19968,-20480,-20992
192,92,-24317,-27645,-19456,-19968,-20480,-20992
193,92,-16381,30979,-16896,-17408,-17920,-18432
194,92,-16381,30979,-16896,-17408,-17920,-18432
195,92,23811,17923,-14336,-14848,-15360,-15872
196,92,23811,17923,-14336,-14848,-15360,-15872
197,92,26627,-31229,-11776,-12288,-12800,-13312
198,92,26627,-31229,-11776,-12288,-12800,-13312
199,92,-23549,-29437,-9216,-9728,-10240,-10752
200,92,-23549,-29437,-9216,-9728,-10240,-10752
201,92,15619,1539,-6656,-7168,-7680,-8192
202,92,15619,1539,-6656,-7168,-7680,-8192
203,92,-14845,-8957,-4096,-4608,-5120,-5632
204,92,-14845,-8957,-4096,-4608,-5120,-5632
205,92,-31485,15363,-1536,-2048,-2560,-3072
206,92,-31485,15363,-1536,-2048,-2560,-3072
207,92,20227,29444,1024,512,0,-512
208,92,20227,29444,1024,512,0,-512
209,92,29700,3076,3584,3072,2560,2048
210,92,29700,3076,3584,3072,2560,2048
211,92,12804,10500,6144,5632,5120,4608
212,92,12804,10500,6144,5632,5120,4608
213,92,31236,2052,8704,8192,7680,7168
214,92,31236,2052,8704,8192,7680,7168
215,92,27652,2308,11264,10752,10240,9728
216,92,27652,2308,11264,10752,10240,9728
217,92,-24828,17924,13824,13312,12800,12288
218,92,-24828,17924,13824,13312,12800,12288
219,92,7684,19716,16384,15872,15360,14848
220,92,7684,19716,16384,15872,15360,14848
221,92,-20732,-4860,18944,18432,17920,17408
222,92,-20732,-4860,18944,18432,17920,17408
223,92,-3068,-15356,21504,20992,20480,19968
224,92,-3068,-15356,21504,20992,20480,19968
225,92,30468,-11004,24064,23552,23040,22528
226,92,30468,-11004,24064,23552,23040,22528
227,92,-24572,-24828,26624,26112,25600,25088
228,92,-24572,-24828,26624,26112,25600,25088
229,92,24324,18692,29184,28672,28160,27648
230,92,24324,18692,29184,28672,28160,27648
231,92,-14076,19460,31744,31232,30720,30208
232,92,-14076,19460,31744,31232,30720,30208
233,92,29188,-27132,-31232,-31744,-32256,-32768
234,92,29188,-27132,-31232,-31744,-32256,-32768
235,92,29700,-22524,-28672,-29184,-29696,-30208
236,92,29700,-22524,-28672,-29184,-29696,-30208
237,92,-14076,-20220,-26112,-26624,-27136,-27648
238,92,-14076,-20220,-26112,-26624,-27136,-27648
239,92,24324,-16380,-23552,-24064,-24576,-25088
240,92,24324,-16380,-23552,-24064,-24576,-25088
241,92,-17148,1540,-20992,-21504,-22016,-22528
242,92,-17148,1540,-20992,-21504,-22016,-22528
243,92,29444,15364,-18432,-18944,-19456,-19968
244,92,29444,15364,-18432,-18944,-19456,-19968
245,92,-4604,-20732,-15872,-16384,-16896,-17408
246,92,-4604,-20732,-15872,-16384,-16896,-17408
247,92,-28412,-24828,-13312,-13824,-14336,-14848
248,92,-28412,-24828,-13312,-13824,-14336,-14848
249,92,-16124,-22780,-10752,-11264,-11776,-12288
250,92,-16124,-22780,-10752,-11264,-11776,-12288
251,92,-19452,-31740,-8192,-8704,-9216,-9728
252,92,-19452,-31740,-8192,-8704,-9216,-9728
253,92,-29436,16388,-5632,-6144,-6656,-7168
254,92,-29436,16388,-5632,-6144,-6656,-7168
255,92,-29692,6916,-3072,-3584,-4096,-4608
256,92,-29692,6916,-3072,-3584,-4096,-4608
257,92,14596,-27388,-512,-1024,-1536,-2048
258,92,14596,-27388,-512,-1024,-1536,-2048
259,92,16389,19973,2048,1536,1024,512
260,92,16389,19973,2048,1536,1024,512
261,92,24837,24837,4608,4096,3584,3072
262,92,24837,24837,4608,4096,3584,3072
263,92,-24827,4101,7168,6656,6144,5632
264,92,-24827,4101,7168,6656,6144,5632
265,92,-20219,-2811,9728,9216,8704,8192
266,92,-20219,-2811,9728,9216,8704,8192
267,92,773,1029,12288,11776,11264,10752
268,92,773,1029,12288,11776,11264,10752
269,92,-14075,773,14848,14336,13824,13312
270,92,-14075,773,14848,14336,13824,13312
271,92,-13307,-6651,17408,16896,16384,15872
272,92,-13307,-6651,17408,16896,16384,15872
273,92,-5627,-13051,19968,19456,18944,18432
274,92,-5627,-13051,19968,19456,18944,18432
275,92,-19707,-18683,22528,22016,21504,20992
276,92,-19707,-18683,22528,22016,21504,20992
277,92,-29691,-8699,25088,24576,24064,23552
278,92,-29691,-8699,25088,24576,24064,23552
279,92,517,3333,27648,27136,26624,26112
280,92,517,3333,27648,27136,26624,26112
281,92,1029,11781,30208,29696,29184,28672
282,92,1029,11781,30208,29696,29184,28672
283,92,-10235,19973,-32768,32256,31744,31232
284,92,-10235,19973,-32768,32256,31744,31232
285,92,-18939,-14075,-30208,-30720,-31232,-31744
286,92,-18939,-14075,-30208,-30720,-31232,-31744
287,92,4869,13317,-27648,-28160,-28672,-29184
288,92,4869,13317,-27648,-28160,-28672,-29184
289,92,18437,19461,-25088,-25600,-26112,-26624
290,92,18437,19461,-25088,-25600,-26112,-26624
291,92,-32251,-9723,-22528,-23040,-23552,-24064
292,92,-32251,-9723,-22528,-23040,-23552,-24064
293,92,-16891,13573,-19968,-20480,-20992,-21504
294,92,-16891,13573,-19968,-20480,-20992,-21504
295,92,-16635,2821,-17408,-17920,-18432,-18944
296,92,-16635,2821,-17408,-17920,-18432,-18944
297,92,-24315,29445,-14848,-15360,-15872,-16384
298,92,-24315,29445,-14848,-15360,-15872,-16384
299,92,-31995,31237,-12288,-12800,-13312,-13824
300,92,-31995,31237,-12288,-12800,-13312,-13824
301,92,-25851,-13307,-9728,-10240,-10752,-11264
302,92,-25851,-13307,-9728,-10240,-10752,-11264
303,92,-23803,24581,-7168,-7680,-8192,-8704
304,92,-23803,24581,-7168,-7680,-8192,-8704
305,92,-6395,15365,-4608,-5120,-5632,-6144
306,92,-6395,15365,-4608,-5120,-5632,-6144
307,92,-12283,-9211,-2048,-2560,-3072,-3584
308,92,-12283,-9211,-2048,-2560,-3072,-3584
309,92,11525,20230,512,0,-512,-1024
310,92,11525,20230,512,0,-512,-1024
311,92,4358,6662,3072,2560,2048,1536
312,92,4358,6662,3072,2560,2048,1536
313,92,10502,-4602,5632,5120,4608,4096
314,92,10502,-4602,5632,5120,4608,4096
315,92,16390,20486,8192,7680,7168,6656
316,92,16390,20486,8192,7680,7168,6656
317,92,-23546,-19450,10752,10240,9728,9216
318,92,-23546,-19450,10752,10240,9728,9216
319,92,-2554,-4602,13312,12800,12288,11776
320,92,-2554,-4602,13312,12800,12288,11776
321,92,-15610,-15610,15872,15360,14848,14336
322,92,-15610,-15610,15872,15360,14848,14336
323,92,518,-20730,18432,17920,17408,16896
324,92,518,-20730,18432,17920,17408,16896
325,92,4102,4358,20992,20480,19968,19456
326,92,4102,4358,20992,20480,19968,19456
327,92,-12026,-7930,23552,23040,22528,22016
328,92,-12026,-7930,23552,23040,22528,22016
329,92,-11514,18438,26112,25600,25088,24576
330,92,-11514,18438,26112,25600,25088,24576
331,92,-15354,-6138,28672,28160,27648,27136
332,92,-15354,-6138,28672,28160,27648,27136
333,92,32006,-11258,31232,30720,30208,29696
334,92,32006,-11258,31232,30720,30208,29696
335,92,29446,-21242,-31744,-32256,-32768,32256
336,92,29446,-21242,-31744,-32256,-32768,32256
337,92,11526,7686,-29184,-29696,-30208,-30720
338,92,11526,7686,-29184,-29696,-30208,-30720
339,92,16646,12806,-26624,-27136,-27648,-28160
340,92,16646,12806,-26624,-27136,-27648,-28160
341,92,22790,9734,-24064,-24576,-25088,-25600
342,92,22790,9734,-24064,-24576,-25088,-25600
343,92,4614,-18682,-21504,-22016,-22528,-23040
344,92,4614,-18682,-21504,-22016,-22528,-23040
345,92,-4346,16646,-18944,-19456,-19968,-20480
346,92,-4346,16646,-18944,-19456,-19968,-20480
347,92,518,774,-16384,-16896,-17408,-17920
348,92,518,774,-16384,-16896,-17408,-17920
349,92,-12282,14854,-13824,-14336,-14848,-15360
350,92,-12282,14854,-13824,-14336,-14848,-15360
351,92,-2042,-7930,-11264,-11776,-12288,-12800
352,92,-2042,-7930,-11264,-11776,-12288,-12800
353,92,-9722,-27130,-8704,-9216,-9728,-10240
354,92,-9722,-27130,-8704,-9216,-9728,-10240
355,92,-29178,30726,-6144,-6656,-7168,-7680
356,92,-29178,30726,-6144,-6656,-7168,-7680
357,92,-17914,-31994,-3584,-4096,-4608,-5120
358,92,-17914,-31994,-3584,-4096,-4608,-5120
359,92,24326,-13562,-1024,-1536,-2048,-2560
360,92,24326,-13562,-1024,-1536,-2048,-2560
361,92,-10234,-11769,1536,1024,512,0
362,92,-10234,-11769,1536,1024,512,0
363,92,20231,-5881,4096,3584,3072,2560
364,92,20231,-5881,4096,3584,3072,2560
365,92,-14329,-25337,6656,6144,5632,5120
366,92,-14329,-25337,6656,6144,5632,5120
367,92,-21497,-3833,9216,8704,8192,7680
368,92,-21497,-3833,9216,8704,8192,7680
369,92,-25337,30983,11776,11264,10752,10240
370,92,-25337,30983,11776,11264,10752,10240
371,92,-32505,-15353,14336,13824,13312,12800
372,92,-32505,-15353,14336,13824,13312,12800
373,92,-13049,-14329,16896,16384,15872,15360
374,92,-13049,-14329,16896,16384,15872,15360
375,92,16903,-19705,19456,18944,18432,17920
376,92,16903,-19705,19456,18944,18432,17920
377,92,-9209,-11769,22016,21504,20992,20480
378,92,-9209,-11769,22016,21504,20992,20480
379,92,19719,-7673,24576,24064,23552,23040
380,92,19719,-7673,24576,24064,23552,23040
381,92,-18425,19975,27136,26624,26112,25600
382,92,-18425,19975,27136,26624,26112,25600
383,92,-28921,-25593,29696,29184,28672,28160
384,92,-28921,-25593,29696,29184,28672,28160
385,92,20999,-24057,32256,31744,31232,30720
386,92,20999,-24057,32256,31744,31232,30720
387,92,10503,-6137,-30720,-31232,-31744,-32256
388,92,10503,-6137,-30720,-31232,-31744,-32256
389,92,1543,-25337,-28160,-28672,-29184,-29696
390,92,1543,-25337,-28160,-28672,-29184,-29696
391,92,-8185,-21753,-25600,-26112,-26624,-27136
392,92,-8185,-21753,-25600,-26112,-26624,-27136
393,92,-27641,4871,-23040,-23552,-24064,-24576
394,92,-27641,4871,-23040,-23552,-24064,-24576
395,92,5383,-20729,-20480,-20992,-21504,-22016
396,92,5383,-20729,-20480,-20992,-21504,-22016
397,92,-16377,24583,-17920,-18432,-18944,-19456
398,92,-16377,24583,-17920,-18432,-18944,-19456
399,92,30983,-28409,-15360,-15872,-16384,-16896
400,92,30983,-28409,-15360,-15872,-16384,-16896
401,92,-25593,3591,-12800,-13312,-13824,-14336
402,92,-25593,3591,-12800,-13312,-13824,-14336
403,92,-249,11015,-10240,-10752,-11264,-11776
404,92,-249,11015,-10240,-10752,-11264,-11776
405,92,24327,-27641,-7680,-8192,-8704,-9216
406,92,24327,-27641,-7680,-8192,-8704,-9216
407,92,22279,-30201,-5120,-5632,-6144,-6656
408,92,22279,-30201,-5120,-5632,-6144,-6656
409,92,28167,7175,-2560,-3072,-3584,-4096
410,92,28167,7175,-2560,-3072,-3584,-4096
411,92,-28153,2055,0,-512,-1024,-1536
412,92,-28153,2055,0,-512,-1024,-1536
413,92,-4344,-27640,2560,2048,1536,1024
414,92,-4344,-27640,2560,2048,1536,1024
415,92,-19192,-29176,5120,4608,4096,3584
416,92,-19192,-29176,5120,4608,4096,3584
417,92,-12536,32520,7680,7168,6656,6144
418,92,-12536,32520,7680,7168,6656,6144
419,92,30728,27400,10240,9728,9216,8704
420,92,30728,27400,10240,9728,9216,8704
421,92,17672,28680,12800,12288,11776,11264
422,92,17672,28680,12800,12288,11776,11264
423,92,-25848,4616,15360,14848,14336,13824
424,92,-25848,4616,15360,14848,14336,13824
425,92,27144,-6392,17920,17408,16896,16384
426,92,27144,-6392,17920,17408,16896,16384
427,92,-11768,-19192,20480,19968,19456,18944
428,92,-11768,-19192,20480,19968,19456,18944
429,92,2824,18696,23040,22528,22016,21504
430,92,2824,18696,23040,22528,22016,21504
431,92,9736,-5624,25600,25088,24576,24064
432,92,9736,-5624,25600,25088,24576,24064
433,92,-17656,-26616,28160,27648,27136,26624
434,92,-17656,-26616,28160,27648,27136,26624
435,92,-27640,2312,30720,30208,29696,29184
436,92,-27640,2312,30720,30208,29696,29184
437,92,25608,30984,-32256,-32768,32256,31744
438,92,25608,30984,-32256,-32768,32256,31744
439,92,10248,-16632,-29696,-30208,-30720,-31232
440,92,10248,-16632,-29696,-30208,-30720,-31232
441,92,24840,11784,-27136,-27648,-28160,-28672
442,92,24840,11784,-27136,-27648,-28160,-28672
443,92,-760,5384,-24576,-25088,-25600,-26112
444,92,-760,5384,-24576,-25088,-25600,-26112
445,92,-4856,14344,-22016,-22528,-23040,-23552
446,92,-4856,14344,-22016,-22528,-23040,-23552
447,92,-30712,-15352,-19456,-19968,-20480,-20992
448,92,-30712,-15352,-19456,-19968,-20480,-20992
449,92,-31736,-19448,-16896,-17408,-17920,-18432
450,92,-31736,-19448,-16896,-17408,-17920,-18432
451,92,18696,16392,-14336,-14848,-15360,-15872
452,92,18696,16392,-14336,-14848,-15360,-15872
453,92,9736,-1016,-11776,-12288,-12800,-13312
454,92,9736,-1016,-11776,-12288,-12800,-13312
455,92,-32248,23560,-9216,-9728,-10240,-10752
456,92,-32248,23560,-9216,-9728,-10240,-10752
457,92,-22008,-4856,-6656,-7168,-7680,-8192
458,92,-22008,-4856,-6656,-7168,-7680,-8192
459,92,4872,-8184,-4096,-4608,-5120,-5632
460,92,4872,-8184,-4096,-4608,-5120,-5632
461,92,2824,-17400,-1536,-2048,-2560,-3072
462,92,2824,-17400,-1536,-2048,-2560,-3072
463,92,-16120,-6391,1024,512,0,-512
464,92,-16120,-6391,1024,512,0,-512
465,92,-27127,-18167,3584,3072,2560,2048
466,92,-27127,-18167,3584,3072,2560,2048
467,92,19721,4361,6144,5632,5120,4608
468,92,19721,4361,6144,5632,5120,4608
469,92,8969,30473,8704,8192,7680,7168
470,92,8969,30473,8704,8192,7680,7168
471,92,2825,-503,11264,10752,10240,9728
472,92,2825,-503,11264,10752,10240,9728
473,92,-15863,-18423,13824,13312,12800,12288
474,92,-15863,-18423,13824,13312,12800,12288
475,92,24329,-25079,16384,15872,15360,14848
476,92,24329,-25079,16384,15872,15360,14848
477,92,4873,-4087,18944,18432,17920,17408
478,92,4873,-4087,18944,18432,17920,17408
479,92,-3063,-6391,21504,20992,20480,19968
480,92,-3063,-6391,21504,20992,20480,19968
481,92,22025,6665,24064,23552,23040,22528
482,92,22025,6665,24064,23552,23040,22528
483,92,8969,-21239,26624,26112,25600,25088
484,92,8969,-21239,26624,26112,25600,25088
485,92,-23543,-28151,29184,28672,28160,27648
486,92,-23543,-28151,29184,28672,28160,27648
487,92,13321,28937,31744,31232,30720,30208
488,92,13321,28937,31744,31232,30720,30208
489,92,-18679,13321,-31232,-31744,-32256,-32768
490,92,-18679,13321,-31232,-31744,-32256,-32768
491,92,-26359,16649,-28672,-29184,-29696,-30208
492,92,-26359,16649,-28672,-29184,-29696,-30208
493,92,6921,10249,-26112,-26624,-27136,-27648
494,92,6921,10249,-26112,-26624,-27136,-27648
495,92,-23031,-9719,-23552,-24064,-24576,-25088
496,92,-23031,-9719,-23552,-24064,-24576,-25088
497,92,5641,5129,-20992,-21504,-22016,-22528
498,92,5641,5129,-20992,-21504,-22016,-22528
499,92,-18935,-20727,-18432,-18944,-19456,-19968
500,92,-18935,-20727,-18432,-18944,-19456,-19968
501,92,-11767,-11767,-15872,-16384,-16896,-17408
502,92,-11767,-11767,-15872,-16384,-16896,-17408
503,92,-503,31497,-13312,-13824,-14336,-14848
504,92,-503,31497,-13312,-13824,-14336,-14848
505,92,-31735,19977,-10752,-11264,-11776,-12288
506,92,-31735,19977,-10752,-11264,-11776,-12288
507,92,2313,-30967,-8192,-8704,-9216,-9728
508,92,2313,-30967,-8192,-8704,-9216,-9728
509,92,20233,19977,-5632,-6144,-6656,-7168
510,92,20233,19977,-5632,-6144,-6656,-7168
511,92,23561,-24311,-3072,-3584,-4096,-4608
512,92,23561,-24311,-3072,-3584,-4096,-4608
513,92,-23031,19465,-512,-1024,-1536,-2048
514,92,-23031,19465,-512,-1024,-1536,-2048
515,92,14602,-12022,2048,1536,1024,512
516,92,14602,-12022,2048,1536,1024,512
517,92,-7670,778,4608,4096,3584,3072
518,92,-7670,778,4608,4096,3584,3072
519,92,-24822,-27894,7168,6656,6144,5632
520,92,-24822,-27894,7168,6656,6144,5632
521,92,19978,31498,9728,9216,8704,8192
522,92,19978,31498,9728,9216,8704,8192
523,92,-22262,-23030,12288,11776,11264,10752
524,92,-22262,-23030,12288,11776,11264,10752
525,92,19722,13066,14848,14336,13824,13312
526,92,19722,13066,14848,14336,13824,13312
527,92,-3318,-5878,17408,16896,16384,15872
528,92,-3318,-5878,17408,16896,16384,15872
529,92,26378,10250,19968,19456,18944,18432
530,92,26378,10250,19968,19456,18944,18432
531,92,522,12298,22528,22016,21504,20992
532,92,522,12298,22528,22016,21504,20992
533,92,-7414,-5366,25088,24576,24064,23552
534,92,-7414,-5366,25088,24576,24064,23552
535,92,-5622,-9462,27648,27136,26624,26112
536,92,-5622,-9462,27648,27136,26624,26112
537,92,-11510,-19702,30208,29696,29184,28672
538,92,-11510,-19702,30208,29696,29184,28672
539,92,5898,10762,-32768,32256,31744,31232
540,92,5898,10762,-32768,32256,31744,31232
541,92,20746,-22774,-30208,-30720,-31232,-31744
542,92,20746,-22774,-30208,-30720,-31232,-31744
543,92,27402,15882,-27648,-28160,-28672,-29184
544,92,27402,15882,-27648,-28160,-28672,-29184
545,92,-14582,-15350,-25088,-25600,-26112,-26624
546,92,-14582,-15350,-25088,-25600,-26112,-26624
547,92,-25078,-15350,-22528,-23040,-23552,-24064
548,92,-25078,-15350,-22528,-23040,-23552,-24064
549,92,-2550,-27382,-19968,-20480,-20992,-21504
550,92,-2550,-27382,-19968,-20480,-20992,-21504
551,92,-5878,-28150,-17408,-17920,-18432,-18944
552,92,-5878,-28150,-17408,-17920,-18432,-18944
553,92,2570,32522,-14848,-15360,-15872,-16384
554,92,2570,32522,-14848,-15360,-15872,-16384
555,92,29450,-23286,-12288,-12800,-13312,-13824
556,92,29450,-23286,-12288,-12800,-13312,-13824
557,92,-9206,-7414,-9728,-10240,-10752,-11264
558,92,-9206,-7414,-9728,-10240,-10752,-11264
559,92,-1014,29962,-7168,-7680,-8192,-8704
560,92,-1014,29962,-7168,-7680,-8192,-8704
561,92,9226,-31478,-4608,-5120,-5632,-6144
562,92,9226,-31478,-4608,-5120,-5632,-6144
563,92,3338,21514,-2048,-2560,-3072,-3584
564,92,3338,21514,-2048,-2560,-3072,-3584
565,92,12810,-28405,512,0,-512,-1024
566,92,12810,-28405,512,0,-512,-1024
567,92,19211,13579,3072,2560,2048,1536
568,92,19211,13579,3072,2560,2048,1536
569,92,-26357,-30709,5632,5120,4608,4096
570,92,-26357,-30709,5632,5120,4608,4096
571,92,-10741,-2549,8192,7680,7168,6656
572,92,-10741,-2549,8192,7680,7168,6656
573,92,8971,30219,10752,10240,9728,9216
574,92,8971,30219,10752,10240,9728,9216
575,92,-19957,-11509,13312,12800,12288,11776
576,92,-19957,-11509,13312,12800,12288,11776
577,92,-14837,13323,15872,15360,14848,14336
578,92,-14837,13323,15872,15360,14848,14336
579,92,6923,-30197,18432,17920,17408,16896
580,92,6923,-30197,18432,17920,17408,16896
581,92,-18677,-19189,20992,20480,19968,19456
582,92,-18677,-19189,20992,20480,19968,19456
583,92,-31733,-23797,23552,23040,22528,22016
584,92,-31733,-23797,23552,23040,22528,22016
585,92,-2805,30987,26112,25600,25088,24576
586,92,-2805,30987,26112,25600,25088,24576
587,92,20491,-14837,28672,28160,27648,27136
588,92,20491,-14837,28672,28160,27648,27136
589,92,29707,-31733,31232,30720,30208,29696
590,92,29707,-31733,31232,30720,30208,29696
591,92,13835,29451,-31744,-32256,-32768,32256
592,92,13835,29451,-31744,-32256,-32768,32256
593,92,18443,17163,-29184,-29696,-30208,-30720
594,92,18443,17163,-29184,-29696,-30208,-30720
595,92,523,11787,-26624,-27136,-27648,-28160
596,92,523,11787,-26624,-27136,-27648,-28160
597,92,2571,18187,-24064,-24576,-25088,-25600
598,92,2571,18187,-24064,-24576,-25088,-25600
599,92,10763,-27125,-21504,-22016,-22528,-23040
600,92,10763,-27125,-21504,-22016,-22528,-23040
601,92,29963,-7413,-18944,-19456,-19968,-20480
602,92,29963,-7413,-18944,-19456,-19968,-20480
603,92,-4853,-17653,-16384,-16896,-17408,-17920
604,92,-4853,-17653,-16384,-16896,-17408,-17920
605,92,-20981,-13045,-13824,-14336,-14848,-15360
606,92,-20981,-13045,-13824,-14336,-14848,-15360
607,92,4875,5387,-11264,-11776,-12288,-12800
608,92,4875,5387,-11264,-11776,-12288,-12800
609,92,10763,-3317,-8704,-9216,-9728,-10240
610,92,10763,-3317,-8704,-9216,-9728,-10240
611,92,22027,22539,-6144,-6656,-7168,-7680
612,92,22027,22539,-6144,-6656,-7168,-7680
613,92,28427,17931,-3584,-4096,-4608,-5120
614,92,28427,17931,-3584,-4096,-4608,-5120
615,92,-8181,-1013,-1024,-1536,-2048,-2560
616,92,-8181,-1013,-1024,-1536,-2048,-2560
617,92,6411,-12020,1536,1024,512,0
618,92,6411,-12020,1536,1024,512,0
619,92,-23028,16908,4096,3584,3072,2560
620,92,-23028,16908,4096,3584,3072,2560
621,92,12044,5644,6656,6144,5632,5120
622,92,12044,5644,6656,6144,5632,5120
623,92,-756,32268,9216,8704,8192,7680
624,92,-756,32268,9216,8704,8192,7680
625,92,-28660,6924,11776,11264,10752,10240
626,92,-28660,6924,11776,11264,10752,10240
627,92,1292,8204,14336,13824,13312,12800
628,92,1292,8204,14336,13824,13312,12800
629,92,10252,16652,16896,16384,15872,15360
630,92,10252,16652,16896,16384,15872,15360
631,92,14092,-3828,19456,18944,18432,17920
632,92,14092,-3828,19456,18944,18432,17920
633,92,-7412,-17908,22016,21504,20992,20480
634,92,-7412,-17908,22016,21504,20992,20480
635,92,-9972,-17140,24576,24064,23552,23040
636,92,-9972,-17140,24576,24064,23552,23040
637,92,-29428,-16372,27136,26624,26112,25600
638,92,-29428,-16372,27136,26624,26112,25600
639,92,-18420,18188,29696,29184,28672,28160
640,92,-18420,18188,29696,29184,28672,28160
641,92,14348,31756,32256,31744,31232,30720
642,92,14348,31756,32256,31744,31232,30720
643,92,-28916,-244,-30720,-31232,-31744,-32256
644,92,-28916,-244,-30720,-31232,-31744,-32256
645,92,23308,14092,-28160,-28672,-29184,-29696
646,92,23308,14092,-28160,-28672,-29184,-29696
647,92,-25844,27916,-25600,-26112,-26624,-27136
648,92,-25844,27916,-25600,-26112,-26624,-27136
649,92,27916,27404,-23040,-23552,-24064,-24576
650,92,27916,27404,-23040,-23552,-24064,-24576
651,92,7180,-27380,-20480,-20992,-21504,-22016
652,92,7180,-27380,-20480,-20992,-21504,-22016
653,92,-27892,25356,-17920,-18432,-18944,-19456
654,92,-27892,25356,-17920,-18432,-18944,-19456
655,92,24076,22796,-15360,-15872,-16384,-16896
656,92,24076,22796,-15360,-15872,-16384,-16896
657,92,-26100,-3060,-12800,-13312,-13824,-14336
658,92,-26100,-3060,-12800,-13312,-13824,-14336
659,92,7948,-5620,-10240,-10752,-11264,-11776
660,92,7948,-5620,-10240,-10752,-11264,-11776
661,92,-28916,-9972,-7680,-8192,-8704,-9216
662,92,-28916,-9972,-7680,-8192,-8704,-9216
663,92,15372,-17396,-5120,-5632,-6144,-6656
664,92,15372,-17396,-5120,-5632,-6144,-6656
665,92,-18164,23308,-2560,-3072,-3584,-4096
666,92,-18164,23308,-2560,-3072,-3584,-4096
667,92,27148,-31220,0,-512,-1024,-1536
668,92,27148,-31220,0,-512,-1024,-1536
669,92,28941,5901,2560,2048,1536,1024
670,92,28941,5901,2560,2048,1536,1024
671,92,-17651,6669,5120,4608,4096,3584
672,92,-17651,6669,5120,4608,4096,3584
673,92,-22771,-25075,7680,7168,6656,6144
674,92,-22771,-25075,7680,7168,6656,6144
675,92,-9715,-9459,10240,9728,9216,8704
676,92,-9715,-9459,10240,9728,9216,8704
677,92,25869,19213,12800,12288,11776,11264
678,92,25869,19213,12800,12288,11776,11264
679,92,13325,10765,15360,14848,14336,13824
680,92,13325,10765,15360,14848,14336,13824
681,92,-243,-3571,17920,17408,16896,16384
682,92,-243,-3571,17920,17408,16896,16384
683,92,-7667,9485,20480,19968,19456,18944
684,92,-7667,9485,20480,19968,19456,18944
685,92,-6643,16653,23040,22528,22016,21504
686,92,-6643,16653,23040,22528,22016,21504
687,92,13325,-30963,25600,25088,24576,24064
688,92,13325,-30963,25600,25088,24576,24064
689,92,-11763,16397,28160,27648,27136,26624
690,92,-11763,16397,28160,27648,27136,26624
691,92,-499,-22259,30720,30208,29696,29184
692,92,-499,-22259,30720,30208,29696,29184
693,92,-25075,-28403,-32256,-32768,32256,31744
694,92,-25075,-28403,-32256,-32768,32256,31744
695,92,-25075,-27891,-29696,-30208,-30720,-31232
696,92,-25075,-27891,-29696,-30208,-30720,-31232
697,92,-18163,-8179,-27136,-27648,-28160,-28672
698,92,-18163,-8179,-27136,-27648,-28160,-28672
699,92,-22771,-13555,-24576,-25088,-25600,-26112
700,92,-22771,-13555,-24576,-25088,-25600,-26112
701,92,-26611,-11507,-22016,-22528,-23040,-23552
702,92,-26611,-11507,-22016,-22528,-23040,-23552
703,92,4877,8717,-19456,-19968,-20480,-20992
704,92,4877,8717,-19456,-19968,-20480,-20992
705,92,-499,-243,-16896,-17408,-17920,-18432
706,92,-499,-243,-16896,-17408,-17920,-18432
707,92,-3827,-3571,-14336,-14848,-15360,-15872
708,92,-3827,-3571,-14336,-14848,-15360,-15872
709,92,-17139,-7923,-11776,-12288,-12800,-13312
710,92,-17139,-7923,-11776,-12288,-12800,-13312
711,92,2317,13,-9216,-9728,-10240,-10752
712,92,2317,13,-9216,-9728,-10240,-10752
713,92,781,-12787,-6656,-7168,-7680,-8192
714,92,781,-12787,-6656,-7168,-7680,-8192
715,92,-11251,-23539,-4096,-4608,-5120,-5632
716,92,-11251,-23539,-4096,-4608,-5120,-5632
717,92,-2803,1549,-1536,-2048,-2560,-3072
718,92,-2803,1549,-1536,-2048,-2560,-3072
719,92,-22259,30734,1024,512,0,-512
720,92,-22259,30734,1024,512,0,-512
721,92,-31730,-10738,3584,3072,2560,2048
722,92,-31730,-10738,3584,3072,2560,2048
723,92,1550,9742,6144,5632,5120,4608
724,92,1550,9742,6144,5632,5120,4608
725,92,-5362,-29938,8704,8192,7680,7168
726,92,-5362,-29938,8704,8192,7680,7168
727,92,-20978,-20722,11264,10752,10240,9728
728,92,-20978,-20722,11264,10752,10240,9728
729,92,-20466,-9714,13824,13312,12800,12288
730,92,-20466,-9714,13824,13312,12800,12288
731,92,-20466,-10482,16384,15872,15360,14848
732,92,-20466,-10482,16384,15872,15360,14848
733,92,-22258,-22258,18944,18432,17920,17408
734,92,-22258,-22258,18944,18432,17920,17408
735,92,-14322,-10226,21504,20992,20480,19968
736,92,-14322,-10226,21504,20992,20480,19968
737,92,-6642,-14066,24064,23552,23040,22528
738,92,-6642,-14066,24064,23552,23040,22528
739,92,-10994,4878,26624,26112,25600,25088
740,92,-10994,4878,26624,26112,25600,25088
741,92,7694,30222,29184,28672,28160,27648
742,92,7694,30222,29184,28672,28160,27648
743,92,19982,29198,31744,31232,30720,30208
744,92,19982,29198,31744,31232,30720,30208
745,92,-30194,-30962,-31232,-31744,-32256,-32768
746,92,-30194,-30962,-31232,-31744,-32256,-32768
747,92,-29426,-24306,-28672,-29184,-29696,-30208
748,92,-29426,-24306,-28672,-29184,-29696,-30208
749,92,-17394,-30450,-26112,-26624,-27136,-27648
750,92,-17394,-30450,-26112,-26624,-27136,-27648
751,92,-19186,-6386,-23552,-24064,-24576,-25088
752,92,-19186,-6386,-23552,-24064,-24576,-25088
753,92,-10994,-12530,-20992,-21504,-22016,-22528
754,92,-10994,-12530,-20992,-21504,-22016,-22528
755,92,11534,-16626,-18432,-18944,-19456,-19968
756,92,11534,-16626,-18432,-18944,-19456,-19968
757,92,28174,5902,-15872,-16384,-16896,-17408
758,92,28174,5902,-15872,-16384,-16896,-17408
759,92,16910,31246,-13312,-13824,-14336,-14848
760,92,16910,31246,-13312,-13824,-14336,-14848
761,92,-16114,-32754,-10752,-11264,-11776,-12288
762,92,-16114,-32754,-10752,-11264,-11776,-12288
763,92,29198,20238,-8192,-8704,-9216,-9728
764,92,29198,20238,-8192,-8704,-9216,-9728
765,92,-9202,14350,-5632,-6144,-6656,-7168
766,92,-9202,14350,-5632,-6144,-6656,-7168
767,92,-6386,26126,-3072,-3584,-4096,-4608
768,92,-6386,26126,-3072,-3584,-4096,-4608
769,92,9998,7182,-512,-1024,-1536,-2048
770,92,9998,7182,-512,-1024,-1536,-2048
771,92,23567,13071,2048,1536,1024,512
772,92,23567,13071,2048,1536,1024,512
773,92,18959,8463,4608,4096,3584,3072
774,92,18959,8463,4608,4096,3584,3072
775,92,22287,14863,7168,6656,6144,5632
776,92,22287,14863,7168,6656,6144,5632
777,92,-2033,23055,9728,9216,8704,8192
778,92,-2033,23055,9728,9216,8704,8192
779,92,23311,28431,12288,11776,11264,10752
780,92,23311,28431,12288,11776,11264,10752
781,92,-3057,-9713,14848,14336,13824,13312
782,92,-3057,-9713,14848,14336,13824,13312
783,92,-27889,-17137,17408,16896,16384,15872
784,92,-27889,-17137,17408,16896,16384,15872
785,92,30735,16911,19968,19456,18944,18432
786,92,30735,16911,19968,19456,18944,18432
787,92,-6897,15887,22528,22016,21504,20992
788,92,-6897,15887,22528,22016,21504,20992
789,92,12815,4879,25088,24576,24064,23552
790,92,12815,4879,25088,24576,24064,23552
791,92,9999,24847,27648,27136,26624,26112
792,92,9999,24847,27648,27136,26624,26112
793,92,5135,15,30208,29696,29184,28672
794,92,5135,15,30208,29696,29184,28672
795,92,26895,21519,-32768,32256,31744,31232
796,92,26895,21519,-32768,32256,31744,31232
797,92,-1777,-13297,-30208,-30720,-31232,-31744
798,92,-1777,-13297,-30208,-30720,-31232,-31744
799,92,-18417,29199,-27648,-28160,-28672,-29184
800,92,-18417,29199,-27648,-28160,-28672,-29184
801,92,15119,13583,-25088,-25600,-26112,-26624
802,92,15119,13583,-25088,-25600,-26112,-26624
803,92,26383,27663,-22528,-23040,-23552,-24064
804,92,26383,27663,-22528,-23040,-23552,-24064
805,92,3599,16399,-19968,-20480,-20992,-21504
806,92,3599,16399,-19968,-20480,-20992,-21504
807,92,-753,-3825,-17408,-17920,-18432,-18944
808,92,-753,-3825,-17408,-17920,-18432,-18944
809,92,-6641,-18417,-14848,-15360,-15872,-16384
810,92,-6641,-18417,-14848,-15360,-15872,-16384
811,92,6159,12815,-12288,-12800,-13312,-13824
812,92,6159,12815,-12288,-12800,-13312,-13824
813,92,-15345,21007,-9728,-10240,-10752,-11264
814,92,-15345,21007,-9728,-10240,-10752,-11264
815,92,8975,-12273,-7168,-7680,-8192,-8704
816,92,8975,-12273,-7168,-7680,-8192,-8704
817,92,13583,18703,-4608,-5120,-5632,-6144
818,92,13583,18703,-4608,-5120,-5632,-6144
819,92,-21233,-22001,-2048,-2560,-3072,-3584
820,92,-21233,-22001,-2048,-2560,-3072,-3584
821,92,-25073,-22000,512,0,-512,-1024
822,92,-25073,-22000,512,0,-512,-1024
823,92,-240,19984,3072,2560,2048,1536
824,92,-240,19984,3072,2560,2048,1536
825,92,-752,-27376,5632,5120,4608,4096
826,92,-752,-27376,5632,5120,4608,4096
827,92,-3312,-20720,8192,7680,7168,6656
828,92,-3312,-20720,8192,7680,7168,6656
829,92,2576,-11504,10752,10240,9728,9216
830,92,2576,-11504,10752,10240,9728,9216
831,92,-9200,24592,13312,12800,12288,11776
832,92,-9200,24592,13312,12800,12288,11776
833,92,-1008,528,15872,15360,14848,14336
834,92,-1008,528,15872,15360,14848,14336
835,92,-1776,16144,18432,17920,17408,16896
836,92,-1776,16144,18432,17920,17408,16896
837,92,30224,-26352,20992,20480,19968,19456
838,92,30224,-26352,20992,20480,19968,19456
839,92,16144,-10992,23552,23040,22528,22016
840,92,16144,-10992,23552,23040,22528,22016
841,92,27152,-7664,26112,25600,25088,24576
842,92,27152,-7664,26112,25600,25088,24576
843,92,-3056,-18928,28672,28160,27648,27136
844,92,-3056,-18928,28672,28160,27648,27136
845,92,15120,-31728,31232,30720,30208,29696
846,92,15120,-31728,31232,30720,30208,29696
847,92,-28144,-5104,-31744,-32256,-32768,32256
848,92,-28144,-5104,-31744,-32256,-32768,32256
849,92,-6128,-27120,-29184,-29696,-30208,-30720
850,92,-6128,-27120,-29184,-29696,-30208,-30720
851,92,3344,11280,-26624,-27136,-27648,-28160
852,92,3344,11280,-26624,-27136,-27648,-28160
853,92,-31728,22032,-24064,-24576,-25088,-25600
854,92,-31728,22032,-24064,-24576,-25088,-25600
855,92,-26096,-13808,-21504,-22016,-22528,-23040
856,92,-26096,-13808,-21504,-22016,-22528,-23040
857,92,-5616,25872,-18944,-19456,-19968,-20480
858,92,-5616,25872,-18944,-19456,-19968,-20480
859,92,32528,27152,-16384,-16896,-17408,-17920
860,92,32528,27152,-16384,-16896,-17408,-17920
861,92,10768,-4848,-13824,-14336,-14848,-15360
862,92,10768,-4848,-13824,-14336,-14848,-15360
863,92,-31728,29968,-11264,-11776,-12288,-12800
864,92,-31728,29968,-11264,-11776,-12288,-12800
865,92,-20720,-9456,-8704,-9216,-9728,-10240
866,92,-20720,-9456,-8704,-9216,-9728,-10240
867,92,-32496,29712,-6144,-6656,-7168,-7680
868,92,-32496,29712,-6144,-6656,-7168,-7680
869,92,25104,29200,-3584,-4096,-4608,-5120
870,92,25104,29200,-3584,-4096,-4608,-5120
871,92,29712,-21744,-1024,-1536,-2048,-2560
872,92,29712,-21744,-1024,-1536,-2048,-2560
873,92,-10224,23057,1536,1024,512,0
874,92,-10224,23057,1536,1024,512,0
875,92,-27119,22801,4096,3584,3072,2560
876,92,-27119,22801,4096,3584,3072,2560
877,92,22033,-19695,6656,6144,5632,5120
878,92,22033,-19695,6656,6144,5632,5120
879,92,25361,26641,9216,8704,8192,7680
880,92,25361,26641,9216,8704,8192,7680
881,92,28689,-23535,11776,11264,10752,10240
882,92,28689,-23535,11776,11264,10752,10240
883,92,-16623,1041,14336,13824,13312,12800
884,92,-16623,1041,14336,13824,13312,12800
885,92,-20463,2321,16896,16384,15872,15360
886,92,-20463,2321,16896,16384,15872,15360
887,92,-13807,-23535,19456,18944,18432,17920
888,92,-13807,-23535,19456,18944,18432,17920
889,92,32273,26897,22016,21504,20992,20480
890,92,32273,26897,22016,21504,20992,20480
891,92,-25839,25617,24576,24064,23552,23040
892,92,-25839,25617,24576,24064,23552,23040
893,92,30993,-26351,27136,26624,26112,25600
894,92,30993,-26351,27136,26624,26112,25600
895,92,30481,-29679,29696,29184,28672,28160
896,92,30481,-29679,29696,29184,28672,28160
897,92,19473,-751,32256,31744,31232,30720
898,92,19473,-751,32256,31744,31232,30720
899,92,-22255,-12527,-30720,-31232,-31744,-32256
900,92,-22255,-12527,-30720,-31232,-31744,-32256
901,92,-7151,17681,-28160,-28672,-29184,-29696
902,92,-7151,17681,-28160,-28672,-29184,-29696
903,92,17937,1809,-25600,-26112,-26624,-27136
904,92,17937,1809,-25600,-26112,-26624,-27136
905,92,-25583,-9967,-23040,-23552,-24064,-24576
906,92,-25583,-9967,-23040,-23552,-24064,-24576
907,92,-10223,-21743,-20480,-20992,-21504,-22016
908,92,-10223,-21743,-20480,-20992,-21504,-22016
909,92,-32751,29201,-17920,-18432,-18944,-19456
910,92,-32751,29201,-17920,-18432,-18944,-19456
911,92,-21999,-19183,-15360,-15872,-16384,-16896
912,92,-21999,-19183,-15360,-15872,-16384,-16896
913,92,-8175,-2031,-12800,-13312,-13824,-14336
914,92,-8175,-2031,-12800,-13312,-13824,-14336
915,92,-7407,10513,-10240,-10752,-11264,-11776
916,92,-7407,10513,-10240,-10752,-11264,-11776
917,92,-12783,26385,-7680,-8192,-8704,-9216
918,92,-12783,26385,-7680,-8192,-8704,-9216
919,92,32529,8721,-5120,-5632,-6144,-6656
920,92,32529,8721,-5120,-5632,-6144,-6656
921,92,16657,20241,-2560,-3072,-3584,-4096
922,92,16657,20241,-2560,-3072,-3584,-4096
923,92,-29167,22033,0,-512,-1024,-1536
924,92,-29167,22033,0,-512,-1024,-1536
925,92,3090,5650,2560,2048,1536,1024
926,92,3090,5650,2560,2048,1536,1024
927,92,3090,4114,5120,4608,4096,3584
928,92,3090,4114,5120,4608,4096,3584
929,92,4370,12818,7680,7168,6656,6144
930,92,4370,12818,7680,7168,6656,6144
931,92,16402,17170,10240,9728,9216,8704
932,92,16402,17170,10240,9728,9216,8704
933,92,3346,-4590,12800,12288,11776,11264
934,92,3346,-4590,12800,12288,11776,11264
935,92,-28654,19730,15360,14848,14336,13824
936,92,-28654,19730,15360,14848,14336,13824
937,92,4370,274,17920,17408,16896,16384
938,92,4370,274,17920,17408,16896,16384
939,92,20754,24850,20480,19968,19456,18944
940,92,20754,24850,20480,19968,19456,18944
941,92,10770,-15086,23040,22528,22016,21504
942,92,10770,-15086,23040,22528,22016,21504
943,92,-23278,18450,25600,25088,24576,24064
944,92,-23278,18450,25600,25088,24576,24064
945,92,1042,22034,28160,27648,27136,26624
946,92,1042,22034,28160,27648,27136,26624
947,92,-30702,17170,30720,30208,29696,29184
948,92,-30702,17170,30720,30208,29696,29184
949,92,29202,20754,-32256,-32768,32256,31744
950,92,29202,20754,-32256,-32768,32256,31744
951,92,-26606,-22254,-29696,-30208,-30720,-31232
952,92,-26606,-22254,-29696,-30208,-30720,-31232
953,92,-14574,-4846,-27136,-27648,-28160,-28672
954,92,-14574,-4846,-27136,-27648,-28160,-28672
955,92,6418,12562,-24576,-25088,-25600,-26112
956,92,6418,12562,-24576,-25088,-25600,-26112
957,92,26386,20754,-22016,-22528,-23040,-23552
958,92,26386,20754,-22016,-22528,-23040,-23552
959,92,-14062,-5614,-19456,-19968,-20480,-20992
960,92,-14062,-5614,-19456,-19968,-20480,-20992
961,92,-11246,-1774,-16896,-17408,-17920,-18432
962,92,-11246,-1774,-16896,-17408,-17920,-18432
963,92,32018,-1518,-14336,-14848,-15360,-15872
964,92,32018,-1518,-14336,-14848,-15360,-15872
965,92,-14318,13842,-11776,-12288,-12800,-13312
966,92,-14318,13842,-11776,-12288,-12800,-13312
967,92,27154,-7662,-9216,-9728,-10240,-10752
968,92,27154,-7662,-9216,-9728,-10240,-10752
969,92,-7406,11538,-6656,-7168,-7680,-8192
970,92,-7406,11538,-6656,-7168,-7680,-8192
971,92,-14830,18194,-4096,-4608,-5120,-5632
972,92,-14830,18194,-4096,-4608,-5120,-5632
973,92,3602,18,-1536,-2048,-2560,-3072
974,92,3602,18,-1536,-2048,-2560,-3072
975,92,-8174,-29677,1024,512,0,-512
976,92,-8174,-29677,1024,512,0,-512
977,92,-23533,-16365,3584,3072,2560,2048
978,92,-23533,-16365,3584,3072,2560,2048
979,92,2579,19475,6144,5632,5120,4608
980,92,2579,19475,6144,5632,5120,4608
981,92,-23533,-17901,8704,8192,7680,7168
982,92,-23533,-17901,8704,8192,7680,7168
983,92,26643,28435,11264,10752,10240,9728
984,92,26643,28435,11264,10752,10240,9728
985,92,17427,6931,13824,13312,12800,12288
986,92,17427,6931,13824,13312,12800,12288
987,92,-4589,-9453,16384,15872,15360,14848
988,92,-4589,-9453,16384,15872,15360,14848
989,92,30227,-31213,18944,18432,17920,17408
990,92,30227,-31213,18944,18432,17920,17408
991,92,27667,-21485,21504,20992,20480,19968
992,92,27667,-21485,21504,20992,20480,19968
